Tên sản phẩm,Giá
iPad Gen 10 10.9 inch 2022 Wifi 64GB I Chính hãng Apple Việt Nam,9790000
iPad Air 6 M2 11 inch Wifi 128GB,16990000
iPad Pro M4 11 inch Wifi 256GB,27590000
iPad 10.2 2021 WiFi 64GB | Chính hãng Apple Việt Nam,7190000
Samsung Galaxy Tab S9 FE 5G 6GB 128GB - Chỉ có tại CellphoneS,9390000
Xiaomi Redmi Pad SE 6GB 128GB,Giá Liên Hệ
iPad mini 6 WiFi 64GB | Chính hãng Apple Việt Nam,12790000
Samsung Galaxy Tab S9 FE Plus WIFI 12GB 256GB - Chỉ có tại CellphoneS,13690000
Xiaomi Redmi Pad Pro wifi 8GB 128GB,7290000
iPad Gen 10 10.9 inch 2022 Wifi 256GB I Chính hãng Apple Việt Nam,13790000
Huawei MatePad SE 11 inch 6GB 128GB,4990000
Samsung Galaxy Tab S9 5G 8GB 128GB,22990000
Máy Tính Bảng Huawei Matepad 11.5''S 8GB 256GB Xám,13490000
Xiaomi Pad 6 6GB 128GB - Chỉ có tại CellphoneS,7590000
Xiaomi Pad 6 8GB 256GB,9290000
Samsung Galaxy Tab S6 Lite 2024,8490000
Xiaomi Pad 6S Pro Wifi 8GB 256GB,13990000
Máy tính bảng Teclast M50 6GB/128GB,2990000
iPad Air 6 M2 11 inch Wifi 256GB,19490000
Samsung Galaxy Tab A9 WIFI 4GB 64GB,3490000
Samsung Galaxy Tab S9 FE WIFI 6GB 128GB,8990000
Samsung Galaxy Tab S9 Ultra 12GB 256GB - Chỉ có tại CellphoneS,28090000
Samsung Galaxy Tab S9 FE Plus WIFI 8GB 128GB,12990000
iPad Pro M4 13 inch Wifi 256GB,36790000
Xiaomi Redmi Pad SE 8.7 inch Wifi 2024,3690000
Samsung Galaxy Tab A9+ WIFI 4GB 64GB,5490000
Samsung Galaxy Tab S9 Wifi 8GB 128GB,19990000
iPad Gen 10 10.9 inch 2022 Wifi + 5G 64GB I Chính hãng Apple Việt Nam,13790000
iPad Pro 11 inch 2022 M2 Wifi 256GB I Chính hãng Apple Việt Nam,23790000
iPad Air 5 10.9 inch (2022) 5G 64GB I Chính hãng Apple Việt Nam,16590000
iPad Air 5 10.9 inch (2022) 5G 256GB I Chính hãng Apple Việt Nam,19990000
iPad 10.2 2021 WiFi 256GB | Chính hãng Apple Việt Nam,10690000
Samsung Galaxy Tab S10 Ultra 5G 12GB 256GB,33990000
Samsung Galaxy Tab S9 Plus 5G 12GB 256GB,27290000
Samsung Galaxy Tab S10 Plus 5G 12GB 256GB,28990000
iPad Gen 10 10.9 inch 2022 Wifi + 5G 256GB I Chính hãng Apple Việt Nam,17290000
iPad Air 6 M2 13 inch Wifi 128GB,21990000
Samsung Galaxy Tab S10 Plus Wifi 12GB 256GB,25990000
Máy tính bảng Teclast Mini M50 6GB/128GB,2790000
Máy Tính Bảng Lenovo Tab M11 8GB 128GB ZADB0162VN,6490000
iPad Pro M4 11 inch Wifi 512GB,32490000
Samsung Galaxy Tab S9 Plus 5G 12GB 512GB,29090000
iPad mini 6 LTE 4GB 256GB | Chính hãng Apple Việt Nam,19990000
iPad Pro 11 inch 2022 M2 Wifi + 5G 256GB I Chính hãng Apple Việt Nam,28490000
iPad Pro M4 11 inch 5G 256GB,32490000
Máy đọc sách Kindle 2022 11th Generation 16GB,3190000
Samsung Galaxy Tab S9 Ultra 12GB 512GB - Chỉ có tại CellphoneS,30090000
iPad mini 6 LTE 4GB 64GB | Chính hãng Apple Việt Nam,16990000
iPad 10.2 2021 4G 64GB | Chính hãng Apple Việt Nam,10390000
Samsung Galaxy Tab S9 5G 12GB 256GB,24990000
iPad Air 6 M2 11 inch Wifi 512GB,24990000
Máy Tính Bảng Lenovo Tab M9 4GB 64GB ZAC50137VN,3490000
iPad Air 6 M2 11 inch 5G 128GB,20990000
iPad Air 6 M2 13 inch Wifi 256GB,24990000
Samsung Galaxy Tab S10 Ultra 5G 16GB 1TB,39990000
iPad Pro M4 13 inch Wifi 512GB,40990000
iPad Pro M4 13 inch 5G 256GB,41990000
iPad Pro M4 11 inch Wifi 1TB Nano,45990000
iPad Pro M4 13 inch Wifi 2TB Nano,67490000
iPad Air 6 M2 11 inch Wifi 1TB,30490000
Máy đọc sách Kindle Paperwhite 5 16GB,4590000
iPad Air 6 M2 13 inch 5G 128GB,25690000
iPad Pro M4 11 inch Wifi 1TB,42990000
iPad Pro M4 11 inch 5G 512GB,37490000
iPad Pro M4 13 inch 5G 1TB,56990000
Máy đọc sách Onyx Boox Poke5 2024,4990000
iPad Pro M4 13 inch Wifi 1TB,52990000
Máy đọc sách Kindle Paperwhite 5 32GB,5590000
iPad Pro M4 13 inch Wifi 1TB Nano,55990000
iPad Air 6 M2 13 inch Wifi 512GB,30490000
iPad Pro M4 11 inch 5G 2TB,57990000
iPad Air 6 M2 13 inch 5G 256GB,27990000
iPad Air 6 M2 11 inch 5G 512GB,27290000
iPad Pro M4 11 inch 5G 1TB,48490000
Máy đọc sách Onyx Boox Tab Mini C,12390000
iPad Pro M4 11 inch 5G 1TB Nano,50990000
Xiaomi Redmi Pad SE 8.7 inch 4G 2024,5190000
iPad Air 5 10.9 inch (2022) WIFI 64GB I Chính hãng Apple Việt Nam,13690000
Xiaomi Pad 6 8GB 128GB - Chỉ có tại CellphoneS,7790000
iPad Pro 11 2021 M1 WiFi 128GB I Chính hãng Apple Việt Nam,18990000
iPad Pro 11 inch 2022 M2 Wifi 128GB I Chính hãng Apple Việt Nam,21890000
iPad Air 10.9 2020 WiFi 64GB I Chính hãng Apple Việt Nam,16990000
iPad Pro 11 2021 M1 WiFi 256GB I Chính hãng Apple Việt Nam,21990000
iPad mini 6 WiFi 256GB | Chính hãng Apple Việt Nam,16990000
Samsung Galaxy Tab S9 Wifi 12GB 256GB,21990000
Xiaomi Pad 5 (6GB/256GB),6690000
Samsung Galaxy Tab A8 (2022),5590000
Samsung Galaxy Tab S9 Ultra 16GB 1TB- Chỉ có tại CellphoneS,34090000
Samsung Galaxy Tab S9 Plus Wifi 12GB 512GB,24790000
Huawei MatePad 11,8990000
Samsung Galaxy Tab S9 Plus Wifi 12GB 256GB,24490000
iPad Pro 12.9 inch 2022 M2 Wifi 128GB I Chính hãng Apple Việt Nam,27990000
OnePlus Pad,Giá Liên Hệ
Samsung Galaxy Tab S8 WIFI - Chỉ có tại CellphoneS,17990000
iPad Air 6 M2 11 inch 5G 256GB,22990000
iPad Pro M4 11 inch Wifi 2TB Nano,58990000
iPad Pro 12.9 inch 2022 M2 Wifi 512GB I Chính hãng Apple Việt Nam,35490000
Samsung Galaxy Tab S7 Plus,23990000
Máy đọc sách New Kindle 11TH 2022 16GB (Không quảng cáo),3490000
iPad Pro M4 13 inch 5G 512GB,47990000
iPad Pro M4 13 inch 5G 2TB Nano,72990000
iPad Pro M4 13 inch Wifi 2TB,62990000
Xiaomi Pad 6S Pro,Giá Liên Hệ
iPad Pro 11 inch 2022 M2 Wifi + 5G 1TB I Chính hãng Apple Việt Nam,48990000
Xiaomi Pad 6 8GB 128GB,Giá Liên Hệ
iPad Gen 11,Giá Liên Hệ
Vivo Pad Air,Giá Liên Hệ
Nokia T20,6290000
iPad Pro M4 11 inch 5G 2TB Nano,65490000
iPad Pro 11 2020 WiFi 256GB I Chính hãng Apple Việt Nam,26990000
Mi pad 6 8GB 256GB,Giá Liên Hệ
Xiaomi Redmi Pad 2022,Giá Liên Hệ
iPad Air 6 M2 13 inch 5G 512GB,32490000
Lenovo Legion Y900,Giá Liên Hệ
iPad Pro 11 inch 2022 M2 Wifi 2TB I Chính hãng Apple Việt Nam,55990000
Honor Pad 9 Pro,Giá Liên Hệ
Máy đọc sách Onyx Boox Page,6990000
iPad Pro 11 inch 2022 M2 Wifi 512GB I Chính hãng Apple Việt Nam,29990000
Xiaomi Redmi Pad 6S Pro,Giá Liên Hệ
Huawei MatePad 11.5 inch,Giá Liên Hệ
Máy Tính Bảng Lenovo Tab M11 4GB 64GB ZADB0134VN,5390000
iPad Pro M4 13 inch 5G 1TB Nano,61990000
iPad Pro 11 inch 2022 M2 Wifi 1TB I Chính hãng Apple Việt Nam,44990000
iPad Pro 12.9 inch 2022 M2 Wifi + 5G 1TB I Chính hãng Apple Việt Nam,Giá Liên Hệ
Máy Tính Bảng Lenovo Tab M11 4GB 128GB ZADB0066VN,Giá Liên Hệ
Huawei MatePad Pro 13.2 inch,Giá Liên Hệ
iPad Pro M4 13 inch 5G 2TB,70490000
Máy đọc sách Onyx Boox Note Air 3,11990000
Lenovo Tab K11,Giá Liên Hệ
iPad mini 7 M1,Giá Liên Hệ
iPad Pro 12.9 inch 2022 M2 Wifi + 5G 2TB I Chính hãng Apple Việt Nam,Giá Liên Hệ
Máy đọc sách Onyx Boox Tab X,Giá Liên Hệ
iPad Pro 12.9 inch 2022 M2 Wifi 2TB I Chính hãng Apple Việt Nam,63990000
Masstel Tab 10M,Giá Liên Hệ
iPad Air 6 M2 13 inch Wifi 1TB,33990000
Realme Pad 2,Giá Liên Hệ
vivo Pad 2,Giá Liên Hệ
vivo iQOO Pad 2 Pro,Giá Liên Hệ
iPad Pro 11 inch 2022 M2 Wifi + 5G 2TB I Chính hãng Apple Việt Nam,59990000
Máy đọc sách Onyx Boox Tab Ultra C Pro,17390000
vivo iQOO Pad 2,Giá Liên Hệ
Samsung Galaxy Tab S9 FE+,Giá Liên Hệ
Lenovo Tab Extreme,Giá Liên Hệ
iPad Air 6 M2 13 inch 5G 1TB,37990000
vivo iQOO Pad Air,Giá Liên Hệ
iPad Air 6 M2 11 inch 5G 1TB,32490000
Mi pad 6 8GB 128GB,Giá Liên Hệ
iPad Pro M4 11 inch Wifi 2TB,55990000
Máy đọc sách Onyx Boox Palma,7590000
Blackview Active 8 Pro,Giá Liên Hệ
Máy tính bảng TCL Tab 10L Gen 2,Giá Liên Hệ
iPad Pro 12.9 inch 2022 M2 Wifi 1TB I Chính hãng Apple Việt Nam,51990000
iPad mini 7 M2,Giá Liên Hệ
LG Ultra Tab,Giá Liên Hệ
Realme Pad Mini,Giá Liên Hệ
Samsung Galaxy Tab S8 Ultra 12GB 256GB,Giá Liên Hệ
Samsung Galaxy Tab S8 Ultra 12GB 512GB,Giá Liên Hệ
Samsung Galaxy Tab S8 Ultra 12GB 1TB,Giá Liên Hệ
Máy đọc sách Kindle Paperwhite 5 16GB -Đen,4990000
Điều khiển từ xa qua kết nối Bluetooth cho máy đọc sách Onyx Boox,700000
Máy Tính Bảng Lenovo Tab M8,Giá Liên Hệ
Honor Pad X8 Lite,Giá Liên Hệ
Acer Iconia Tab M1,Giá Liên Hệ
Acer Iconia Tab M10,Giá Liên Hệ
iPad 10.8 2020 Wifi 64GB,Giá Liên Hệ
Máy tính bảng viết tay reMarkable 2,Giá Liên Hệ
Samsung Galaxy Tab S6 Lite 2024 - Đã Kích Hoạt,Giá Liên Hệ
