Tên sản phẩm,Giá,Trạng thái,Ngày,Phân khúc
Samsung Galaxy Tab S9 FE Plus WIFI 12GB 256GB - Chỉ có tại CellphoneS,14190000.0,Còn hàng,2024-10-03 02:51:17,Cận cao cấp
Xiaomi Redmi Pad SE 8.7 inch Wifi 2024,3690000.0,Còn hàng,2024-10-03 02:51:17,Giá rẻ
Samsung Galaxy Tab S9 FE 5G 6GB 128GB - Chỉ có tại CellphoneS,9990000.0,Còn hàng,2024-10-03 02:51:17,Tầm trung
Xiaomi Redmi Pad SE 6GB 128GB,,Hết hàng,2024-10-03 02:51:17,nan
Xiaomi Pad 6 8GB 256GB,9290000.0,Còn hàng,2024-10-03 02:51:17,Tầm trung
Xiaomi Redmi Pad SE 8.7 inch 4G 2024,5190000.0,Còn hàng,2024-10-03 02:51:17,Giá rẻ
iPad Gen 10 10.9 inch 2022 Wifi 64GB I Chính hãng Apple Việt Nam,9790000.0,Còn hàng,2024-10-03 02:51:17,Tầm trung
iPad Air 6 M2 11 inch Wifi 128GB,16990000.0,Còn hàng,2024-10-03 02:51:17,Cận cao cấp
iPad 10.2 2021 WiFi 64GB | Chính hãng Apple Việt Nam,7190000.0,Còn hàng,2024-10-03 02:51:17,Tầm trung
iPad Pro M4 11 inch Wifi 256GB,27590000.0,Còn hàng,2024-10-03 02:51:17,Flagship
Xiaomi Pad 6 8GB 128GB - Chỉ có tại CellphoneS,7590000.0,Còn hàng,2024-10-03 02:51:17,Tầm trung
iPad mini 6 WiFi 64GB | Chính hãng Apple Việt Nam,12790000.0,Còn hàng,2024-10-03 02:51:17,Cận cao cấp
iPad Gen 10 10.9 inch 2022 Wifi 256GB I Chính hãng Apple Việt Nam,13790000.0,Còn hàng,2024-10-03 02:51:17,Cận cao cấp
Xiaomi Redmi Pad Pro wifi 8GB 128GB,7090000.0,Còn hàng,2024-10-03 02:51:17,Tầm trung
Xiaomi Pad 6 6GB 128GB - Chỉ có tại CellphoneS,7590000.0,Còn hàng,2024-10-03 02:51:17,Tầm trung
Xiaomi Pad 6S Pro Wifi 8GB 256GB,13990000.0,Còn hàng,2024-10-03 02:51:17,Cận cao cấp
Samsung Galaxy Tab S9 5G 8GB 128GB,22990000.0,Còn hàng,2024-10-03 02:51:17,Flagship
Huawei MatePad SE 11 inch 6GB 128GB,4990000.0,Còn hàng,2024-10-03 02:51:17,Giá rẻ
Máy Tính Bảng Huawei Matepad 11.5''S 8GB 256GB Xám,13490000.0,Còn hàng,2024-10-03 02:51:17,Cận cao cấp
Samsung Galaxy Tab S6 Lite 2024,8490000.0,Còn hàng,2024-10-03 02:51:17,Tầm trung
iPad Air 6 M2 11 inch Wifi 256GB,19490000.0,Còn hàng,2024-10-03 02:51:17,Cận cao cấp
Samsung Galaxy Tab S9 Ultra 12GB 256GB - Chỉ có tại CellphoneS,31790000.0,Còn hàng,2024-10-03 02:51:17,Flagship
Samsung Galaxy Tab A9 WIFI 4GB 64GB,3490000.0,Còn hàng,2024-10-03 02:51:17,Giá rẻ
Samsung Galaxy Tab S9 FE WIFI 6GB 128GB,8990000.0,Còn hàng,2024-10-03 02:51:17,Tầm trung
Máy tính bảng Teclast M50 6GB/128GB,2990000.0,Còn hàng,2024-10-03 02:51:17,Giá rẻ
Samsung Galaxy Tab S9 FE Plus WIFI 8GB 128GB,12990000.0,Còn hàng,2024-10-03 02:51:17,Cận cao cấp
iPad Pro M4 13 inch Wifi 256GB,36790000.0,Còn hàng,2024-10-03 02:51:17,Flagship
iPad Pro 11 inch 2022 M2 Wifi 256GB I Chính hãng Apple Việt Nam,23790000.0,Còn hàng,2024-10-03 02:51:17,Flagship
Samsung Galaxy Tab A9+ WIFI 4GB 64GB,5490000.0,Còn hàng,2024-10-03 02:51:17,Giá rẻ
Samsung Galaxy Tab S10 Ultra 5G 12GB 256GB,33990000.0,Còn hàng,2024-10-03 02:51:17,Flagship
iPad Gen 10 10.9 inch 2022 Wifi + 5G 64GB I Chính hãng Apple Việt Nam,13790000.0,Còn hàng,2024-10-03 02:51:17,Cận cao cấp
iPad Air 5 10.9 inch (2022) 5G 64GB I Chính hãng Apple Việt Nam,16590000.0,Còn hàng,2024-10-03 02:51:17,Cận cao cấp
Samsung Galaxy Tab S10 Plus 5G 12GB 256GB,28990000.0,Còn hàng,2024-10-03 02:51:17,Flagship
Samsung Galaxy Tab S9 Wifi 8GB 128GB,19990000.0,Còn hàng,2024-10-03 02:51:17,Cận cao cấp
iPad Air 5 10.9 inch (2022) 5G 256GB I Chính hãng Apple Việt Nam,19990000.0,Còn hàng,2024-10-03 02:51:17,Cận cao cấp
iPad 10.2 2021 WiFi 256GB | Chính hãng Apple Việt Nam,10690000.0,Còn hàng,2024-10-03 02:51:17,Tầm trung
Samsung Galaxy Tab S10 Plus Wifi 12GB 256GB,25990000.0,Còn hàng,2024-10-03 02:51:17,Flagship
Samsung Galaxy Tab S9 Plus 5G 12GB 256GB,27790000.0,Còn hàng,2024-10-03 02:51:17,Flagship
iPad Air 6 M2 13 inch Wifi 128GB,21990000.0,Còn hàng,2024-10-03 02:51:17,Flagship
iPad Gen 10 10.9 inch 2022 Wifi + 5G 256GB I Chính hãng Apple Việt Nam,17290000.0,Còn hàng,2024-10-03 02:51:17,Cận cao cấp
Máy tính bảng Teclast Mini M50 6GB/128GB,2790000.0,Còn hàng,2024-10-03 02:51:17,Giá rẻ
Máy Tính Bảng Lenovo Tab M11 8GB 128GB ZADB0162VN,6490000.0,Còn hàng,2024-10-03 02:51:17,Tầm trung
iPad Pro M4 11 inch Wifi 512GB,32490000.0,Còn hàng,2024-10-03 02:51:17,Flagship
iPad mini 6 LTE 4GB 256GB | Chính hãng Apple Việt Nam,19990000.0,Còn hàng,2024-10-03 02:51:17,Cận cao cấp
Samsung Galaxy Tab S9 Plus 5G 12GB 512GB,29590000.0,Còn hàng,2024-10-03 02:51:17,Flagship
Samsung Galaxy Tab S9 Ultra 12GB 512GB - Chỉ có tại CellphoneS,33490000.0,Còn hàng,2024-10-03 02:51:17,Flagship
iPad Pro M4 11 inch 5G 256GB,32490000.0,Còn hàng,2024-10-03 02:51:17,Flagship
Máy đọc sách Kindle 2022 11th Generation 16GB,3190000.0,Còn hàng,2024-10-03 02:51:17,Giá rẻ
iPad mini 6 LTE 4GB 64GB | Chính hãng Apple Việt Nam,16990000.0,Còn hàng,2024-10-03 02:51:17,Cận cao cấp
Samsung Galaxy Tab S10 Ultra 5G 16GB 1TB,39990000.0,Còn hàng,2024-10-03 02:51:17,Flagship
iPad Air 6 M2 11 inch Wifi 512GB,24990000.0,Còn hàng,2024-10-03 02:51:17,Flagship
iPad 10.2 2021 4G 64GB | Chính hãng Apple Việt Nam,10390000.0,Còn hàng,2024-10-03 02:51:17,Tầm trung
Máy Tính Bảng Lenovo Tab M9 4GB 64GB ZAC50137VN,3490000.0,Còn hàng,2024-10-03 02:51:17,Giá rẻ
iPad Air 6 M2 13 inch Wifi 256GB,24990000.0,Còn hàng,2024-10-03 02:51:17,Flagship
Samsung Galaxy Tab S9 5G 12GB 256GB,24990000.0,Còn hàng,2024-10-03 02:51:17,Flagship
iPad Air 6 M2 11 inch 5G 128GB,20990000.0,Còn hàng,2024-10-03 02:51:17,Flagship
iPad Pro M4 13 inch 5G 256GB,41990000.0,Còn hàng,2024-10-03 02:51:17,Flagship
iPad Pro M4 11 inch Wifi 1TB Nano,45990000.0,Còn hàng,2024-10-03 02:51:17,Flagship
Samsung Galaxy Tab S8 WIFI - Chỉ có tại CellphoneS,17990000.0,Còn hàng,2024-10-03 02:51:17,Cận cao cấp
iPad Air 6 M2 11 inch Wifi 1TB,30490000.0,Còn hàng,2024-10-03 02:51:17,Flagship
iPad Pro M4 13 inch Wifi 2TB Nano,67490000.0,Còn hàng,2024-10-03 02:51:17,Flagship
Máy đọc sách Kindle Paperwhite 5 16GB,4590000.0,Còn hàng,2024-10-03 02:51:17,Giá rẻ
iPad Pro M4 11 inch 5G 512GB,37490000.0,Còn hàng,2024-10-03 02:51:17,Flagship
iPad Pro M4 11 inch Wifi 1TB,42990000.0,Còn hàng,2024-10-03 02:51:17,Flagship
iPad Air 6 M2 13 inch 5G 128GB,25690000.0,Còn hàng,2024-10-03 02:51:17,Flagship
iPad Pro M4 13 inch 5G 1TB,56990000.0,Còn hàng,2024-10-03 02:51:17,Flagship
iPad Pro M4 13 inch Wifi 1TB,52990000.0,Còn hàng,2024-10-03 02:51:17,Flagship
Máy đọc sách Onyx Boox Poke5 2024,4990000.0,Còn hàng,2024-10-03 02:51:17,Giá rẻ
iPad Pro M4 13 inch Wifi 1TB Nano,55990000.0,Còn hàng,2024-10-03 02:51:17,Flagship
Máy đọc sách Kindle Paperwhite 5 32GB,5590000.0,Còn hàng,2024-10-03 02:51:17,Giá rẻ
iPad Air 6 M2 13 inch Wifi 512GB,30490000.0,Còn hàng,2024-10-03 02:51:17,Flagship
iPad Pro M4 11 inch 5G 2TB,57990000.0,Còn hàng,2024-10-03 02:51:17,Flagship
iPad Air 6 M2 13 inch 5G 256GB,27990000.0,Còn hàng,2024-10-03 02:51:17,Flagship
iPad Air 6 M2 11 inch 5G 512GB,27290000.0,Còn hàng,2024-10-03 02:51:17,Flagship
Máy đọc sách Onyx Boox Tab Mini C,12390000.0,Còn hàng,2024-10-03 02:51:17,Cận cao cấp
iPad Pro M4 11 inch 5G 1TB,48490000.0,Còn hàng,2024-10-03 02:51:17,Flagship
iPad Pro M4 11 inch 5G 1TB Nano,50990000.0,Còn hàng,2024-10-03 02:51:17,Flagship
iPad Air 5 10.9 inch (2022) WIFI 64GB I Chính hãng Apple Việt Nam,13690000.0,Còn hàng,2024-10-03 02:51:17,Cận cao cấp
iPad Pro 11 inch 2022 M2 Wifi 128GB I Chính hãng Apple Việt Nam,21890000.0,Còn hàng,2024-10-03 02:51:17,Flagship
iPad Air 10.9 2020 WiFi 64GB I Chính hãng Apple Việt Nam,16990000.0,Còn hàng,2024-10-03 02:51:17,Cận cao cấp
iPad mini 6 WiFi 256GB | Chính hãng Apple Việt Nam,16990000.0,Còn hàng,2024-10-03 02:51:17,Cận cao cấp
Xiaomi Pad 5 (6GB/256GB),6690000.0,Còn hàng,2024-10-03 02:51:17,Tầm trung
Samsung Galaxy Tab S9 Wifi 12GB 256GB,21990000.0,Còn hàng,2024-10-03 02:51:17,Flagship
iPad Pro 11 inch 2022 M2 Wifi + 5G 256GB I Chính hãng Apple Việt Nam,28490000.0,Còn hàng,2024-10-03 02:51:17,Flagship
iPad Pro 11 2021 M1 WiFi 256GB I Chính hãng Apple Việt Nam,21990000.0,Còn hàng,2024-10-03 02:51:17,Flagship
Samsung Galaxy Tab A8 (2022),5590000.0,Còn hàng,2024-10-03 02:51:17,Giá rẻ
Samsung Galaxy Tab S9 Plus Wifi 12GB 256GB,24990000.0,Còn hàng,2024-10-03 02:51:17,Flagship
Samsung Galaxy Tab S9 Ultra 16GB 1TB- Chỉ có tại CellphoneS,37290000.0,Còn hàng,2024-10-03 02:51:17,Flagship
Samsung Galaxy Tab S9 Plus Wifi 12GB 512GB,26790000.0,Còn hàng,2024-10-03 02:51:17,Flagship
iPad Pro M4 13 inch Wifi 512GB,40990000.0,Còn hàng,2024-10-03 02:51:17,Flagship
Huawei MatePad 11,8990000.0,Còn hàng,2024-10-03 02:51:17,Tầm trung
iPad Pro 12.9 inch 2022 M2 Wifi 128GB I Chính hãng Apple Việt Nam,27990000.0,Còn hàng,2024-10-03 02:51:17,Flagship
OnePlus Pad,,Hết hàng,2024-10-03 02:51:17,nan
iPad Air 6 M2 11 inch 5G 256GB,22990000.0,Còn hàng,2024-10-03 02:51:17,Flagship
iPad Pro 11 inch 2022 M2 Wifi + 5G 128GB I Chính hãng Apple Việt Nam,25490000.0,Còn hàng,2024-10-03 02:51:17,Flagship
iPad Pro M4 11 inch Wifi 2TB Nano,58990000.0,Còn hàng,2024-10-03 02:51:17,Flagship
iPad Pro 12.9 inch 2022 M2 Wifi 512GB I Chính hãng Apple Việt Nam,35490000.0,Còn hàng,2024-10-03 02:51:17,Flagship
Samsung Galaxy Tab S7 Plus,23990000.0,Còn hàng,2024-10-03 02:51:17,Flagship
iPad Pro M4 13 inch 5G 2TB Nano,72990000.0,Còn hàng,2024-10-03 02:51:17,Flagship
Máy đọc sách New Kindle 11TH 2022 16GB (Không quảng cáo),3490000.0,Còn hàng,2024-10-03 02:51:17,Giá rẻ
iPad Pro M4 13 inch 5G 512GB,47990000.0,Còn hàng,2024-10-03 02:51:17,Flagship
iPad Pro M4 13 inch Wifi 2TB,62990000.0,Còn hàng,2024-10-03 02:51:17,Flagship
Xiaomi Pad 6S Pro,,Hết hàng,2024-10-03 02:51:17,nan
iPad Pro 11 inch 2022 M2 Wifi + 5G 1TB I Chính hãng Apple Việt Nam,48990000.0,Còn hàng,2024-10-03 02:51:17,Flagship
iPad Gen 11,,Hết hàng,2024-10-03 02:51:17,nan
Vivo Pad Air,,Hết hàng,2024-10-03 02:51:17,nan
Nokia T20,6290000.0,Còn hàng,2024-10-03 02:51:17,Tầm trung
iPad Pro 11 2020 WiFi 256GB I Chính hãng Apple Việt Nam,26990000.0,Còn hàng,2024-10-03 02:51:17,Flagship
iPad Pro M4 11 inch 5G 2TB Nano,65490000.0,Còn hàng,2024-10-03 02:51:17,Flagship
Mi pad 6 8GB 256GB,,Hết hàng,2024-10-03 02:51:17,nan
Xiaomi Redmi Pad 2022,,Hết hàng,2024-10-03 02:51:17,nan
iPad Air 6 M2 13 inch 5G 512GB,32490000.0,Còn hàng,2024-10-03 02:51:17,Flagship
Lenovo Legion Y900,,Hết hàng,2024-10-03 02:51:17,nan
iPad Pro 11 inch 2022 M2 Wifi 2TB I Chính hãng Apple Việt Nam,55990000.0,Còn hàng,2024-10-03 02:51:17,Flagship
Honor Pad 9 Pro,,Hết hàng,2024-10-03 02:51:17,nan
iPad Pro 11 inch 2022 M2 Wifi 512GB I Chính hãng Apple Việt Nam,29990000.0,Còn hàng,2024-10-03 02:51:17,Flagship
Xiaomi Redmi Pad 6S Pro,,Hết hàng,2024-10-03 02:51:17,nan
Huawei MatePad 11.5 inch,,Hết hàng,2024-10-03 02:51:17,nan
Máy Tính Bảng Lenovo Tab M11 4GB 64GB ZADB0134VN,5390000.0,Còn hàng,2024-10-03 02:51:17,Giá rẻ
iPad Pro M4 13 inch 5G 1TB Nano,61990000.0,Còn hàng,2024-10-03 02:51:17,Flagship
Máy đọc sách Onyx Boox Page,6990000.0,Còn hàng,2024-10-03 02:51:17,Tầm trung
iPad Pro 11 inch 2022 M2 Wifi 1TB I Chính hãng Apple Việt Nam,44990000.0,Còn hàng,2024-10-03 02:51:17,Flagship
iPad Pro 12.9 inch 2022 M2 Wifi + 5G 1TB I Chính hãng Apple Việt Nam,,Hết hàng,2024-10-03 02:51:17,nan
Máy Tính Bảng Lenovo Tab M11 4GB 128GB ZADB0066VN,,Hết hàng,2024-10-03 02:51:17,nan
Huawei MatePad Pro 13.2 inch,,Hết hàng,2024-10-03 02:51:17,nan
Máy đọc sách Onyx Boox Note Air 3,11990000.0,Còn hàng,2024-10-03 02:51:17,Tầm trung
iPad Pro M4 13 inch 5G 2TB,70490000.0,Còn hàng,2024-10-03 02:51:17,Flagship
Lenovo Tab K11,,Hết hàng,2024-10-03 02:51:17,nan
iPad mini 7 M1,,Hết hàng,2024-10-03 02:51:17,nan
iPad Pro 12.9 inch 2022 M2 Wifi + 5G 2TB I Chính hãng Apple Việt Nam,,Hết hàng,2024-10-03 02:51:17,nan
Máy đọc sách Onyx Boox Tab X,,Hết hàng,2024-10-03 02:51:17,nan
iPad Pro 12.9 inch 2022 M2 Wifi 2TB I Chính hãng Apple Việt Nam,63990000.0,Còn hàng,2024-10-03 02:51:17,Flagship
Masstel Tab 10M,,Hết hàng,2024-10-03 02:51:17,nan
iPad Air 6 M2 13 inch Wifi 1TB,33990000.0,Còn hàng,2024-10-03 02:51:17,Flagship
Realme Pad 2,,Hết hàng,2024-10-03 02:51:17,nan
vivo Pad 2,,Hết hàng,2024-10-03 02:51:17,nan
vivo iQOO Pad 2 Pro,,Hết hàng,2024-10-03 02:51:17,nan
Máy đọc sách Onyx Boox Tab Ultra C Pro,17390000.0,Còn hàng,2024-10-03 02:51:17,Cận cao cấp
iPad Pro 11 inch 2022 M2 Wifi + 5G 2TB I Chính hãng Apple Việt Nam,59990000.0,Còn hàng,2024-10-03 02:51:17,Flagship
vivo iQOO Pad 2,,Hết hàng,2024-10-03 02:51:17,nan
Samsung Galaxy Tab S9 FE+,,Hết hàng,2024-10-03 02:51:17,nan
Lenovo Tab Extreme,,Hết hàng,2024-10-03 02:51:17,nan
vivo iQOO Pad Air,,Hết hàng,2024-10-03 02:51:17,nan
iPad Air 6 M2 13 inch 5G 1TB,37990000.0,Còn hàng,2024-10-03 02:51:17,Flagship
iPad Air 6 M2 11 inch 5G 1TB,32490000.0,Còn hàng,2024-10-03 02:51:17,Flagship
Mi pad 6 8GB 128GB,,Hết hàng,2024-10-03 02:51:17,nan
Máy đọc sách Onyx Boox Palma,7590000.0,Còn hàng,2024-10-03 02:51:17,Tầm trung
iPad Pro M4 11 inch Wifi 2TB,55990000.0,Còn hàng,2024-10-03 02:51:17,Flagship
Blackview Active 8 Pro,,Hết hàng,2024-10-03 02:51:17,nan
Máy tính bảng TCL Tab 10L Gen 2,,Hết hàng,2024-10-03 02:51:17,nan
iPad mini 7 M2,,Hết hàng,2024-10-03 02:51:17,nan
iPad Pro 12.9 inch 2022 M2 Wifi 1TB I Chính hãng Apple Việt Nam,51990000.0,Còn hàng,2024-10-03 02:51:17,Flagship
Realme Pad Mini,,Hết hàng,2024-10-03 02:51:17,nan
LG Ultra Tab,,Hết hàng,2024-10-03 02:51:17,nan
Samsung Galaxy Tab S8 Ultra 12GB 256GB,,Hết hàng,2024-10-03 02:51:17,nan
Samsung Galaxy Tab S8 Ultra 12GB 512GB,,Hết hàng,2024-10-03 02:51:17,nan
Máy đọc sách Kindle Paperwhite 5 16GB (Bản không quảng cáo),5290000.0,Còn hàng,2024-10-03 02:51:17,Giá rẻ
Samsung Galaxy Tab S8 Ultra 12GB 1TB,,Hết hàng,2024-10-03 02:51:17,nan
Máy đọc sách Kindle Paperwhite 5 16GB -Đen,4990000.0,Còn hàng,2024-10-03 02:51:17,Giá rẻ
Điều khiển từ xa qua kết nối Bluetooth cho máy đọc sách Onyx Boox,700000.0,Còn hàng,2024-10-03 02:51:17,Giá rẻ
Máy Tính Bảng Lenovo Tab M8,,Hết hàng,2024-10-03 02:51:17,nan
Honor Pad X8 Lite,,Hết hàng,2024-10-03 02:51:17,nan
Acer Iconia Tab M10,,Hết hàng,2024-10-03 02:51:17,nan
Acer Iconia Tab M1,,Hết hàng,2024-10-03 02:51:17,nan
iPad 10.8 2020 Wifi 64GB,,Hết hàng,2024-10-03 02:51:17,nan
Máy tính bảng viết tay reMarkable 2,,Hết hàng,2024-10-03 02:51:17,nan
Samsung Galaxy Tab S6 Lite 2024 - Đã Kích Hoạt,,Hết hàng,2024-10-03 02:51:17,nan
